timeStamp,elapsed,label,responseCode,responseMessage,threadName,dataType,success,failureMessage,bytes,sentBytes,grpThreads,allThreads,URL,Latency,IdleTime,Connect
1666835486236,4985,List Users GET Request,200,OK,Users 1-3,text,true,,1755,130,50,50,https://reqres.in/api/users?page=2,4941,0,4792
1666835486485,4737,List Users GET Request,200,OK,Users 1-50,text,true,,1749,130,50,50,https://reqres.in/api/users?page=2,4712,0,4544
1666835486234,4987,List Users GET Request,200,OK,Users 1-5,text,true,,1749,130,50,50,https://reqres.in/api/users?page=2,4964,0,4798
1666835486234,4987,List Users GET Request,200,OK,Users 1-9,text,true,,1749,130,50,50,https://reqres.in/api/users?page=2,4946,0,4802
1666835486234,4987,List Users GET Request,200,OK,Users 1-11,text,true,,1745,130,50,50,https://reqres.in/api/users?page=2,4946,0,4827
1666835486235,4986,List Users GET Request,200,OK,Users 1-4,text,true,,1753,130,50,50,https://reqres.in/api/users?page=2,4945,0,4805
1666835486356,4866,List Users GET Request,200,OK,Users 1-44,text,true,,1749,130,50,50,https://reqres.in/api/users?page=2,4839,0,4686
1666835486234,4988,List Users GET Request,200,OK,Users 1-21,text,true,,1743,130,50,50,https://reqres.in/api/users?page=2,4937,0,4801
1666835486235,4987,List Users GET Request,200,OK,Users 1-20,text,true,,1741,130,50,50,https://reqres.in/api/users?page=2,4945,0,4795
1666835486235,4987,List Users GET Request,200,OK,Users 1-25,text,true,,1749,130,50,50,https://reqres.in/api/users?page=2,4949,0,4807
1666835486237,4985,List Users GET Request,200,OK,Users 1-30,text,true,,1747,130,50,50,https://reqres.in/api/users?page=2,4941,0,4799
1666835486235,4987,List Users GET Request,200,OK,Users 1-16,text,true,,1747,130,50,50,https://reqres.in/api/users?page=2,4936,0,4792
1666835486356,4866,List Users GET Request,200,OK,Users 1-43,text,true,,1747,130,50,50,https://reqres.in/api/users?page=2,4818,0,4680
1666835486234,4988,List Users GET Request,200,OK,Users 1-23,text,true,,1749,130,50,50,https://reqres.in/api/users?page=2,4974,0,4791
1666835486234,4987,List Users GET Request,200,OK,Users 1-7,text,true,,1753,130,50,50,https://reqres.in/api/users?page=2,4949,0,4799
1666835486236,4986,List Users GET Request,200,OK,Users 1-26,text,true,,1747,130,50,50,https://reqres.in/api/users?page=2,4967,0,4842
1666835486476,4746,List Users GET Request,200,OK,Users 1-49,text,true,,1745,130,50,50,https://reqres.in/api/users?page=2,4725,0,4556
1666835486235,4987,List Users GET Request,200,OK,Users 1-32,text,true,,1745,130,50,50,https://reqres.in/api/users?page=2,4965,0,4790
1666835486234,4988,List Users GET Request,200,OK,Users 1-36,text,true,,1747,130,50,50,https://reqres.in/api/users?page=2,4967,0,4796
1666835486236,4985,List Users GET Request,200,OK,Users 1-6,text,true,,1749,130,50,50,https://reqres.in/api/users?page=2,4941,0,4774
1666835486236,4986,List Users GET Request,200,OK,Users 1-15,text,true,,1745,130,50,50,https://reqres.in/api/users?page=2,4934,0,4792
1666835486417,4805,List Users GET Request,200,OK,Users 1-47,text,true,,1747,130,50,50,https://reqres.in/api/users?page=2,4792,0,4662
1666835486237,4985,List Users GET Request,200,OK,Users 1-24,text,true,,1743,130,50,50,https://reqres.in/api/users?page=2,4948,0,4794
1666835486236,4985,List Users GET Request,200,OK,Users 1-14,text,true,,1747,130,50,50,https://reqres.in/api/users?page=2,4966,0,4788
1666835486233,4988,List Users GET Request,200,OK,Users 1-13,text,true,,1747,130,50,50,https://reqres.in/api/users?page=2,4939,0,4800
1666835486322,4900,List Users GET Request,200,OK,Users 1-41,text,true,,1751,130,50,50,https://reqres.in/api/users?page=2,4875,0,4706
1666835486235,4986,List Users GET Request,200,OK,Users 1-8,text,true,,1751,130,50,50,https://reqres.in/api/users?page=2,4964,0,4843
1666835486462,4760,List Users GET Request,200,OK,Users 1-48,text,true,,1751,130,50,50,https://reqres.in/api/users?page=2,4709,0,4566
1666835486234,4988,List Users GET Request,200,OK,Users 1-29,text,true,,1749,130,50,50,https://reqres.in/api/users?page=2,4943,0,4797
1666835486234,4987,List Users GET Request,200,OK,Users 1-2,text,true,,1751,130,50,50,https://reqres.in/api/users?page=2,4964,0,4801
1666835486340,4882,List Users GET Request,200,OK,Users 1-42,text,true,,1747,130,50,50,https://reqres.in/api/users?page=2,4868,0,4698
1666835486234,4987,List Users GET Request,200,OK,Users 1-12,text,true,,1749,130,50,50,https://reqres.in/api/users?page=2,4971,0,4798
1666835486235,4987,List Users GET Request,200,OK,Users 1-35,text,true,,1751,130,50,50,https://reqres.in/api/users?page=2,4939,0,4794
1666835486235,4986,List Users GET Request,200,OK,Users 1-1,text,true,,1749,130,50,50,https://reqres.in/api/users?page=2,4946,0,4800
1666835486235,4987,List Users GET Request,200,OK,Users 1-27,text,true,,1747,130,50,50,https://reqres.in/api/users?page=2,4939,0,4795
1666835486375,4847,List Users GET Request,200,OK,Users 1-45,text,true,,1743,130,50,50,https://reqres.in/api/users?page=2,4823,0,4659
1666835486237,4985,List Users GET Request,200,OK,Users 1-18,text,true,,1755,130,50,50,https://reqres.in/api/users?page=2,4962,0,4842
1666835486234,4988,List Users GET Request,200,OK,Users 1-19,text,true,,1747,130,50,50,https://reqres.in/api/users?page=2,4937,0,4795
1666835486237,4985,List Users GET Request,200,OK,Users 1-22,text,true,,1741,130,50,50,https://reqres.in/api/users?page=2,4938,0,4792
1666835486290,4932,List Users GET Request,200,OK,Users 1-39,text,true,,1751,130,50,50,https://reqres.in/api/users?page=2,4881,0,4741
1666835486234,4988,List Users GET Request,200,OK,Users 1-28,text,true,,1755,130,50,50,https://reqres.in/api/users?page=2,4972,0,4847
1666835486396,4826,List Users GET Request,200,OK,Users 1-46,text,true,,1753,130,50,50,https://reqres.in/api/users?page=2,4779,0,4615
1666835486251,4971,List Users GET Request,200,OK,Users 1-37,text,true,,1755,130,50,50,https://reqres.in/api/users?page=2,4923,0,4788
1666835486290,4932,List Users GET Request,200,OK,Users 1-40,text,true,,1743,130,50,50,https://reqres.in/api/users?page=2,4898,0,4739
1666835486237,4985,List Users GET Request,200,OK,Users 1-34,text,true,,1743,130,50,50,https://reqres.in/api/users?page=2,4941,0,4792
1666835486234,4988,List Users GET Request,200,OK,Users 1-33,text,true,,1743,130,50,50,https://reqres.in/api/users?page=2,4969,0,4797
1666835486274,4948,List Users GET Request,200,OK,Users 1-38,text,true,,1747,130,50,50,https://reqres.in/api/users?page=2,4932,0,4756
1666835486233,4988,List Users GET Request,200,OK,Users 1-10,text,true,,1745,130,50,50,https://reqres.in/api/users?page=2,4941,0,4796
1666835486236,4986,List Users GET Request,200,OK,Users 1-17,text,true,,1747,130,50,50,https://reqres.in/api/users?page=2,4946,0,4804
1666835486234,4988,List Users GET Request,200,OK,Users 1-31,text,true,,1743,130,50,50,https://reqres.in/api/users?page=2,4974,0,4844
1666835491587,189,Single User GET Request,200,OK,Users 1-34,text,true,,1003,132,50,50,https://reqres.in/api/users/7?page=2,189,0,0
1666835491595,180,Single User GET Request,200,OK,Users 1-5,text,true,,997,132,50,50,https://reqres.in/api/users/7?page=2,180,0,0
1666835491582,193,Single User GET Request,200,OK,Users 1-10,text,true,,999,132,50,50,https://reqres.in/api/users/7?page=2,193,0,0
1666835491582,194,Single User GET Request,200,OK,Users 1-17,text,true,,999,132,50,50,https://reqres.in/api/users/7?page=2,191,0,0
1666835491566,208,Single User GET Request,200,OK,Users 1-19,text,true,,995,132,50,50,https://reqres.in/api/users/7?page=2,207,0,0
1666835491580,196,Single User GET Request,200,OK,Users 1-41,text,true,,1001,132,50,50,https://reqres.in/api/users/7?page=2,196,0,0
1666835491594,180,Single User GET Request,200,OK,Users 1-25,text,true,,999,132,50,50,https://reqres.in/api/users/7?page=2,179,0,0
1666835491582,205,Single User GET Request,200,OK,Users 1-48,text,true,,1003,132,50,50,https://reqres.in/api/users/7?page=2,205,0,0
1666835491583,204,Single User GET Request,200,OK,Users 1-46,text,true,,999,132,50,50,https://reqres.in/api/users/7?page=2,204,0,0
1666835491584,203,Single User GET Request,200,OK,Users 1-36,text,true,,997,132,50,50,https://reqres.in/api/users/7?page=2,203,0,0
1666835491586,201,Single User GET Request,200,OK,Users 1-50,text,true,,995,132,50,50,https://reqres.in/api/users/7?page=2,201,0,0
1666835491585,207,Single User GET Request,200,OK,Users 1-16,text,true,,1007,132,50,50,https://reqres.in/api/users/7?page=2,207,0,0
1666835491583,206,Single User GET Request,200,OK,Users 1-45,text,true,,999,132,50,50,https://reqres.in/api/users/7?page=2,206,0,0
1666835491587,202,Single User GET Request,200,OK,Users 1-23,text,true,,1001,132,50,50,https://reqres.in/api/users/7?page=2,202,0,0
1666835491585,204,Single User GET Request,200,OK,Users 1-20,text,true,,1003,132,50,50,https://reqres.in/api/users/7?page=2,204,0,0
1666835491586,202,Single User GET Request,200,OK,Users 1-8,text,true,,995,132,50,50,https://reqres.in/api/users/7?page=2,202,0,0
1666835491587,320,Single User GET Request,200,OK,Users 1-6,text,true,,1001,132,50,50,https://reqres.in/api/users/7?page=2,320,0,0
1666835491581,324,Single User GET Request,200,OK,Users 1-29,text,true,,1005,132,50,50,https://reqres.in/api/users/7?page=2,324,0,0
1666835491585,329,Single User GET Request,200,OK,Users 1-47,text,true,,1003,132,50,50,https://reqres.in/api/users/7?page=2,329,0,0
1666835491588,328,Single User GET Request,200,OK,Users 1-26,text,true,,1007,132,50,50,https://reqres.in/api/users/7?page=2,328,0,0
1666835491587,320,Single User GET Request,200,OK,Users 1-49,text,true,,1003,132,50,50,https://reqres.in/api/users/7?page=2,320,0,0
1666835491595,305,Single User GET Request,200,OK,Users 1-1,text,true,,1009,132,50,50,https://reqres.in/api/users/7?page=2,305,0,0
1666835491590,317,Single User GET Request,200,OK,Users 1-32,text,true,,993,132,50,50,https://reqres.in/api/users/7?page=2,317,0,0
1666835491583,321,Single User GET Request,200,OK,Users 1-38,text,true,,1003,132,50,50,https://reqres.in/api/users/7?page=2,321,0,0
1666835491566,335,Single User GET Request,200,OK,Users 1-43,text,true,,1001,132,50,50,https://reqres.in/api/users/7?page=2,335,0,0
1666835491638,277,Single User GET Request,200,OK,Users 1-3,text,true,,999,132,50,50,https://reqres.in/api/users/7?page=2,277,0,0
1666835491592,320,Single User GET Request,200,OK,Users 1-28,text,true,,1001,132,50,50,https://reqres.in/api/users/7?page=2,320,0,0
1666835491580,327,Single User GET Request,200,OK,Users 1-31,text,true,,1003,132,50,50,https://reqres.in/api/users/7?page=2,327,0,0
1666835491589,326,Single User GET Request,200,OK,Users 1-11,text,true,,1001,132,50,50,https://reqres.in/api/users/7?page=2,326,0,0
1666835491591,324,Single User GET Request,200,OK,Users 1-9,text,true,,1001,132,50,50,https://reqres.in/api/users/7?page=2,324,0,0
1666835491589,345,Single User GET Request,200,OK,Users 1-39,text,true,,999,132,50,50,https://reqres.in/api/users/7?page=2,335,0,0
1666835491579,327,Single User GET Request,200,OK,Users 1-7,text,true,,1001,132,50,50,https://reqres.in/api/users/7?page=2,326,0,0
1666835491592,322,Single User GET Request,200,OK,Users 1-40,text,true,,999,132,50,50,https://reqres.in/api/users/7?page=2,322,0,0
1666835491594,306,Single User GET Request,200,OK,Users 1-33,text,true,,1001,132,50,50,https://reqres.in/api/users/7?page=2,306,0,0
1666835491588,346,Single User GET Request,200,OK,Users 1-44,text,true,,999,132,50,50,https://reqres.in/api/users/7?page=2,336,0,0
1666835491590,328,Single User GET Request,200,OK,Users 1-27,text,true,,995,132,50,50,https://reqres.in/api/users/7?page=2,327,0,0
1666835491590,311,Single User GET Request,200,OK,Users 1-18,text,true,,999,132,50,50,https://reqres.in/api/users/7?page=2,311,0,0
1666835491581,332,Single User GET Request,200,OK,Users 1-22,text,true,,999,132,50,50,https://reqres.in/api/users/7?page=2,332,0,0
1666835491584,321,Single User GET Request,200,OK,Users 1-21,text,true,,1005,132,50,50,https://reqres.in/api/users/7?page=2,321,0,0
1666835491566,349,Single User GET Request,200,OK,Users 1-2,text,true,,1003,132,50,50,https://reqres.in/api/users/7?page=2,349,0,0
1666835491581,323,Single User GET Request,200,OK,Users 1-30,text,true,,1003,132,50,50,https://reqres.in/api/users/7?page=2,323,0,0
1666835491584,319,Single User GET Request,200,OK,Users 1-24,text,true,,999,132,50,50,https://reqres.in/api/users/7?page=2,319,0,0
1666835491595,318,Single User GET Request,200,OK,Users 1-15,text,true,,999,132,50,50,https://reqres.in/api/users/7?page=2,318,0,0
1666835491590,316,Single User GET Request,200,OK,Users 1-37,text,true,,999,132,50,50,https://reqres.in/api/users/7?page=2,315,0,0
1666835491582,332,Single User GET Request,200,OK,Users 1-4,text,true,,1005,132,50,50,https://reqres.in/api/users/7?page=2,332,0,0
1666835491587,329,Single User GET Request,200,OK,Users 1-35,text,true,,1001,132,50,50,https://reqres.in/api/users/7?page=2,329,0,0
1666835491580,325,Single User GET Request,200,OK,Users 1-14,text,true,,995,132,50,50,https://reqres.in/api/users/7?page=2,325,0,0
1666835491586,331,Single User GET Request,200,OK,Users 1-12,text,true,,1001,132,50,50,https://reqres.in/api/users/7?page=2,331,0,0
1666835491584,329,Single User GET Request,200,OK,Users 1-42,text,true,,1001,132,50,50,https://reqres.in/api/users/7?page=2,329,0,0
1666835491591,327,Single User GET Request,200,OK,Users 1-13,text,true,,1001,132,50,50,https://reqres.in/api/users/7?page=2,327,0,0
1666835491791,225,List <Resource> GET Request,200,OK,Users 1-34,text,true,,1426,125,50,50,https://reqres.in/api/unknown,222,0,0
1666835491792,224,List <Resource> GET Request,200,OK,Users 1-41,text,true,,1429,125,50,50,https://reqres.in/api/unknown,221,0,0
1666835491791,225,List <Resource> GET Request,200,OK,Users 1-48,text,true,,1426,125,50,50,https://reqres.in/api/unknown,224,0,0
1666835491791,224,List <Resource> GET Request,200,OK,Users 1-19,text,true,,1420,125,50,50,https://reqres.in/api/unknown,222,0,0
1666835491790,222,List <Resource> GET Request,200,OK,Users 1-46,text,true,,1425,125,50,50,https://reqres.in/api/unknown,221,0,0
1666835491816,239,List <Resource> GET Request,200,OK,Users 1-23,text,true,,1424,125,50,50,https://reqres.in/api/unknown,214,0,0
1666835491792,216,List <Resource> GET Request,200,OK,Users 1-17,text,true,,1424,125,50,50,https://reqres.in/api/unknown,216,0,0
1666835491812,200,List <Resource> GET Request,200,OK,Users 1-8,text,true,,1428,125,50,50,https://reqres.in/api/unknown,199,0,0
1666835491812,203,List <Resource> GET Request,200,OK,Users 1-20,text,true,,1418,125,50,50,https://reqres.in/api/unknown,202,0,0
1666835491813,252,List <Resource> GET Request,200,OK,Users 1-45,text,true,,1418,125,50,50,https://reqres.in/api/unknown,214,0,0
1666835491812,199,List <Resource> GET Request,200,OK,Users 1-16,text,true,,1418,125,50,50,https://reqres.in/api/unknown,193,0,0
1666835491813,203,List <Resource> GET Request,200,OK,Users 1-50,text,true,,1420,125,50,50,https://reqres.in/api/unknown,203,0,0
1666835491790,153,List <Resource> GET Request,200,OK,Users 1-10,text,true,,1418,125,50,50,https://reqres.in/api/unknown,149,0,0
1666835491790,217,List <Resource> GET Request,200,OK,Users 1-25,text,true,,1419,125,50,50,https://reqres.in/api/unknown,215,0,0
1666835491789,220,List <Resource> GET Request,200,OK,Users 1-36,text,true,,1420,125,50,50,https://reqres.in/api/unknown,220,0,0
1666835491792,153,List <Resource> GET Request,200,OK,Users 1-5,text,true,,1426,125,50,50,https://reqres.in/api/unknown,147,0,0
1666835491950,192,List <Resource> GET Request,200,OK,Users 1-29,text,true,,1422,125,50,50,https://reqres.in/api/unknown,148,0,0
1666835491970,173,List <Resource> GET Request,200,OK,Users 1-32,text,true,,1424,125,50,50,https://reqres.in/api/unknown,139,0,0
1666835491973,175,List <Resource> GET Request,200,OK,Users 1-3,text,true,,1422,125,50,50,https://reqres.in/api/unknown,137,0,0
1666835491966,182,List <Resource> GET Request,200,OK,Users 1-47,text,true,,1418,125,50,50,https://reqres.in/api/unknown,148,0,0
1666835491965,179,List <Resource> GET Request,200,OK,Users 1-49,text,true,,1414,125,50,50,https://reqres.in/api/unknown,139,0,0
1666835491969,177,List <Resource> GET Request,200,OK,Users 1-43,text,true,,1424,125,50,50,https://reqres.in/api/unknown,143,0,0
1666835491970,176,List <Resource> GET Request,200,OK,Users 1-31,text,true,,1416,125,50,50,https://reqres.in/api/unknown,137,0,0
1666835491976,248,List <Resource> GET Request,200,OK,Users 1-11,text,true,,1426,125,50,50,https://reqres.in/api/unknown,213,0,0
1666835491970,257,List <Resource> GET Request,200,OK,Users 1-1,text,true,,1422,125,50,50,https://reqres.in/api/unknown,220,0,0
1666835491950,198,List <Resource> GET Request,200,OK,Users 1-6,text,true,,1422,125,50,50,https://reqres.in/api/unknown,154,0,0
1666835491972,176,List <Resource> GET Request,200,OK,Users 1-28,text,true,,1420,125,50,50,https://reqres.in/api/unknown,127,0,0
1666835492041,318,List <Resource> GET Request,200,OK,Users 1-38,text,true,,1424,125,50,50,https://reqres.in/api/unknown,257,0,0
1666835492042,318,List <Resource> GET Request,200,OK,Users 1-27,text,true,,1426,125,50,50,https://reqres.in/api/unknown,311,0,0
1666835492137,236,Single <Resource> GET Request,200,OK,Users 1-34,text,true,,946,134,50,50,https://reqres.in/api/unknown/2?page=2,236,0,0
1666835492135,242,Single <Resource> GET Request,200,OK,Users 1-46,text,true,,944,134,50,50,https://reqres.in/api/unknown/2?page=2,242,0,0
1666835492048,310,List <Resource> GET Request,200,OK,Users 1-4,text,true,,1425,125,50,50,https://reqres.in/api/unknown,308,0,0
1666835492135,238,Single <Resource> GET Request,200,OK,Users 1-20,text,true,,948,134,50,50,https://reqres.in/api/unknown/2?page=2,238,0,0
1666835492075,302,List <Resource> GET Request,200,OK,Users 1-24,text,true,,1421,125,50,50,https://reqres.in/api/unknown,302,0,0
1666835492145,229,Single <Resource> GET Request,200,OK,Users 1-5,text,true,,948,134,50,50,https://reqres.in/api/unknown/2?page=2,229,0,0
1666835492049,311,List <Resource> GET Request,200,OK,Users 1-15,text,true,,1426,125,50,50,https://reqres.in/api/unknown,249,0,0
1666835492086,291,List <Resource> GET Request,200,OK,Users 1-42,text,true,,1422,125,50,50,https://reqres.in/api/unknown,290,0,0
1666835492089,287,List <Resource> GET Request,200,OK,Users 1-33,text,true,,1421,125,50,50,https://reqres.in/api/unknown,287,0,0
1666835492129,247,Single <Resource> GET Request,200,OK,Users 1-45,text,true,,948,134,50,50,https://reqres.in/api/unknown/2?page=2,247,0,0
1666835492086,292,List <Resource> GET Request,200,OK,Users 1-12,text,true,,1420,125,50,50,https://reqres.in/api/unknown,290,0,0
1666835492086,285,List <Resource> GET Request,200,OK,Users 1-37,text,true,,1424,125,50,50,https://reqres.in/api/unknown,284,0,0
1666835492130,244,Single <Resource> GET Request,200,OK,Users 1-8,text,true,,952,134,50,50,https://reqres.in/api/unknown/2?page=2,243,0,0
1666835492087,289,List <Resource> GET Request,200,OK,Users 1-21,text,true,,1422,125,50,50,https://reqres.in/api/unknown,288,0,0
1666835492078,295,List <Resource> GET Request,200,OK,Users 1-22,text,true,,1425,125,50,50,https://reqres.in/api/unknown,295,0,0
1666835492047,318,List <Resource> GET Request,200,OK,Users 1-26,text,true,,1422,125,50,50,https://reqres.in/api/unknown,252,0,0
1666835492085,288,List <Resource> GET Request,200,OK,Users 1-9,text,true,,1425,125,50,50,https://reqres.in/api/unknown,288,0,0
1666835492128,248,Single <Resource> GET Request,200,OK,Users 1-48,text,true,,954,134,50,50,https://reqres.in/api/unknown/2?page=2,248,0,0
1666835492129,247,Single <Resource> GET Request,200,OK,Users 1-50,text,true,,950,134,50,50,https://reqres.in/api/unknown/2?page=2,247,0,0
1666835492075,298,List <Resource> GET Request,200,OK,Users 1-35,text,true,,1420,125,50,50,https://reqres.in/api/unknown,298,0,0
1666835492128,248,Single <Resource> GET Request,200,OK,Users 1-41,text,true,,942,134,50,50,https://reqres.in/api/unknown/2?page=2,248,0,0
1666835492135,237,Single <Resource> GET Request,200,OK,Users 1-16,text,true,,946,134,50,50,https://reqres.in/api/unknown/2?page=2,237,0,0
1666835492137,304,Single <Resource> GET Request,200,OK,Users 1-19,text,true,,950,134,50,50,https://reqres.in/api/unknown/2?page=2,295,0,0
1666835492260,189,Single <Resource> GET Request,200,OK,Users 1-29,text,true,,948,134,50,50,https://reqres.in/api/unknown/2?page=2,189,0,0
1666835492332,112,Single <Resource> GET Request,200,OK,Users 1-6,text,true,,952,134,50,50,https://reqres.in/api/unknown/2?page=2,112,0,0
1666835492136,307,Single <Resource> GET Request,200,OK,Users 1-10,text,true,,950,134,50,50,https://reqres.in/api/unknown/2?page=2,285,0,0
1666835492334,110,Single <Resource> GET Request,200,OK,Users 1-43,text,true,,948,134,50,50,https://reqres.in/api/unknown/2?page=2,110,0,0
1666835492304,141,Single <Resource> GET Request,200,OK,Users 1-1,text,true,,944,134,50,50,https://reqres.in/api/unknown/2?page=2,141,0,0
1666835492135,306,Single <Resource> GET Request,200,OK,Users 1-17,text,true,,946,134,50,50,https://reqres.in/api/unknown/2?page=2,297,0,0
1666835492259,185,Single <Resource> GET Request,200,OK,Users 1-47,text,true,,944,134,50,50,https://reqres.in/api/unknown/2?page=2,185,0,0
1666835492134,307,Single <Resource> GET Request,200,OK,Users 1-25,text,true,,948,134,50,50,https://reqres.in/api/unknown/2?page=2,298,0,0
1666835492130,311,Single <Resource> GET Request,200,OK,Users 1-36,text,true,,950,134,50,50,https://reqres.in/api/unknown/2?page=2,302,0,0
1666835492138,303,Single <Resource> GET Request,200,OK,Users 1-23,text,true,,944,134,50,50,https://reqres.in/api/unknown/2?page=2,294,0,0
1666835492086,287,List <Resource> GET Request,200,OK,Users 1-44,text,true,,1422,125,50,50,https://reqres.in/api/unknown,287,0,0
1666835492259,190,Single <Resource> GET Request,200,OK,Users 1-32,text,true,,952,134,50,50,https://reqres.in/api/unknown/2?page=2,189,0,0
1666835492304,146,Single <Resource> GET Request,200,OK,Users 1-31,text,true,,946,134,50,50,https://reqres.in/api/unknown/2?page=2,146,0,0
1666835492260,191,Single <Resource> GET Request,200,OK,Users 1-3,text,true,,942,134,50,50,https://reqres.in/api/unknown/2?page=2,191,0,0
1666835492305,145,Single <Resource> GET Request,200,OK,Users 1-28,text,true,,952,134,50,50,https://reqres.in/api/unknown/2?page=2,145,0,0
1666835492260,191,Single <Resource> GET Request,200,OK,Users 1-49,text,true,,944,134,50,50,https://reqres.in/api/unknown/2?page=2,191,0,0
1666835492075,298,List <Resource> GET Request,200,OK,Users 1-13,text,true,,1418,125,50,50,https://reqres.in/api/unknown,297,0,0
1666835492049,311,List <Resource> GET Request,200,OK,Users 1-39,text,true,,1421,125,50,50,https://reqres.in/api/unknown,251,0,0
1666835492302,151,Single <Resource> GET Request,200,OK,Users 1-11,text,true,,946,134,50,50,https://reqres.in/api/unknown/2?page=2,151,0,0
1666835492084,289,List <Resource> GET Request,200,OK,Users 1-30,text,true,,1424,125,50,50,https://reqres.in/api/unknown,288,0,0
1666835492078,300,List <Resource> GET Request,200,OK,Users 1-7,text,true,,1426,125,50,50,https://reqres.in/api/unknown,299,0,0
1666835492083,290,List <Resource> GET Request,200,OK,Users 1-18,text,true,,1424,125,50,50,https://reqres.in/api/unknown,290,0,0
1666835492088,356,List <Resource> GET Request,200,OK,Users 1-2,text,true,,1420,125,50,50,https://reqres.in/api/unknown,344,0,0
1666835492087,355,List <Resource> GET Request,200,OK,Users 1-40,text,true,,1418,125,50,50,https://reqres.in/api/unknown,345,0,0
1666835492085,357,List <Resource> GET Request,200,OK,Users 1-14,text,true,,1420,125,50,50,https://reqres.in/api/unknown,347,0,0
1666835492445,83,Single <Resource> GET Request,200,OK,Users 1-38,text,true,,948,134,50,50,https://reqres.in/api/unknown/2?page=2,80,0,0
1666835492442,87,Single <Resource> GET Request,200,OK,Users 1-42,text,true,,950,134,50,50,https://reqres.in/api/unknown/2?page=2,85,0,0
1666835492442,87,Single <Resource> GET Request,200,OK,Users 1-33,text,true,,946,134,50,50,https://reqres.in/api/unknown/2?page=2,83,0,0
1666835492446,77,Single <Resource> GET Request,200,OK,Users 1-26,text,true,,946,134,50,50,https://reqres.in/api/unknown/2?page=2,77,0,0
1666835492443,85,Single <Resource> GET Request,200,OK,Users 1-21,text,true,,942,134,50,50,https://reqres.in/api/unknown/2?page=2,84,0,0
1666835492445,85,Single <Resource> GET Request,200,OK,Users 1-37,text,true,,944,134,50,50,https://reqres.in/api/unknown/2?page=2,78,0,0
1666835492441,95,Single <Resource> GET Request,200,OK,Users 1-4,text,true,,958,134,50,50,https://reqres.in/api/unknown/2?page=2,86,0,0
1666835492441,89,Single <Resource> GET Request,200,OK,Users 1-35,text,true,,944,134,50,50,https://reqres.in/api/unknown/2?page=2,83,0,0
1666835492446,82,Single <Resource> GET Request,200,OK,Users 1-27,text,true,,946,134,50,50,https://reqres.in/api/unknown/2?page=2,79,0,0
1666835492446,84,Single <Resource> GET Request,200,OK,Users 1-9,text,true,,946,134,50,50,https://reqres.in/api/unknown/2?page=2,78,0,0
1666835492446,83,Single <Resource> GET Request,200,OK,Users 1-12,text,true,,952,134,50,50,https://reqres.in/api/unknown/2?page=2,77,0,0
1666835492441,88,Single <Resource> GET Request,200,OK,Users 1-24,text,true,,952,134,50,50,https://reqres.in/api/unknown/2?page=2,86,0,0
1666835492442,81,Single <Resource> GET Request,200,OK,Users 1-15,text,true,,956,134,50,50,https://reqres.in/api/unknown/2?page=2,81,0,0
1666835492463,114,Single <Resource> GET Request,200,OK,Users 1-44,text,true,,954,134,50,50,https://reqres.in/api/unknown/2?page=2,114,0,0
1666835492466,113,Single <Resource> GET Request,200,OK,Users 1-39,text,true,,948,134,50,50,https://reqres.in/api/unknown/2?page=2,111,0,0
1666835492449,133,Single <Resource> GET Request,200,OK,Users 1-22,text,true,,948,134,50,50,https://reqres.in/api/unknown/2?page=2,133,0,0
1666835492468,147,Single <Resource> GET Request,200,OK,Users 1-13,text,true,,950,134,50,50,https://reqres.in/api/unknown/2?page=2,147,0,0
1666835492467,159,Single <Resource> GET Request,200,OK,Users 1-30,text,true,,944,134,50,50,https://reqres.in/api/unknown/2?page=2,159,0,0
1666835492487,142,Single <Resource> GET Request,200,OK,Users 1-18,text,true,,944,134,50,50,https://reqres.in/api/unknown/2?page=2,142,0,0
1666835492488,142,Single <Resource> GET Request,200,OK,Users 1-7,text,true,,946,134,50,50,https://reqres.in/api/unknown/2?page=2,141,0,0
1666835492551,80,Single <Resource> GET Request,200,OK,Users 1-40,text,true,,940,134,50,50,https://reqres.in/api/unknown/2?page=2,80,0,0
1666835492546,88,Single <Resource> GET Request,200,OK,Users 1-2,text,true,,944,134,50,50,https://reqres.in/api/unknown/2?page=2,88,0,0
1666835492544,91,Single <Resource> GET Request,200,OK,Users 1-14,text,true,,942,134,50,50,https://reqres.in/api/unknown/2?page=2,91,0,0
1666835492475,437,Create User POST Request,201,Created,Users 1-3,text,true,,744,226,50,50,https://reqres.in/api/users,437,0,0
1666835492474,447,Create User POST Request,201,Created,Users 1-41,text,true,,748,226,50,50,https://reqres.in/api/users,447,0,0
1666835492474,447,Create User POST Request,201,Created,Users 1-11,text,true,,752,226,50,50,https://reqres.in/api/users,447,0,0
1666835492473,457,Create User POST Request,201,Created,Users 1-49,text,true,,751,226,50,50,https://reqres.in/api/users,457,0,0
1666835492480,452,Create User POST Request,201,Created,Users 1-23,text,true,,748,226,50,50,https://reqres.in/api/users,452,0,0
1666835492459,473,Create User POST Request,201,Created,Users 1-5,text,true,,746,226,50,50,https://reqres.in/api/users,473,0,0
1666835492473,459,Create User POST Request,201,Created,Users 1-6,text,true,,740,226,50,50,https://reqres.in/api/users,459,0,0
1666835492458,479,Create User POST Request,201,Created,Users 1-45,text,true,,744,226,50,50,https://reqres.in/api/users,479,0,0
1666835492481,482,Create User POST Request,201,Created,Users 1-48,text,true,,746,226,50,50,https://reqres.in/api/users,481,0,0
1666835492485,481,Create User POST Request,201,Created,Users 1-29,text,true,,746,226,50,50,https://reqres.in/api/users,481,0,0
1666835492474,492,Create User POST Request,201,Created,Users 1-46,text,true,,742,226,50,50,https://reqres.in/api/users,492,0,0
1666835492482,492,Create User POST Request,201,Created,Users 1-32,text,true,,748,226,50,50,https://reqres.in/api/users,492,0,0
1666835492487,487,Create User POST Request,201,Created,Users 1-19,text,true,,750,226,50,50,https://reqres.in/api/users,487,0,0
1666835492551,433,Create User POST Request,201,Created,Users 1-37,text,true,,744,226,50,50,https://reqres.in/api/users,433,0,0
1666835492484,502,Create User POST Request,201,Created,Users 1-28,text,true,,746,226,50,50,https://reqres.in/api/users,502,0,0
1666835492482,512,Create User POST Request,201,Created,Users 1-50,text,true,,748,226,50,50,https://reqres.in/api/users,512,0,0
1666835492442,552,Create User POST Request,201,Created,Users 1-20,text,true,,744,226,50,50,https://reqres.in/api/users,552,0,0
1666835492475,520,Create User POST Request,201,Created,Users 1-31,text,true,,739,226,50,50,https://reqres.in/api/users,520,0,0
1666835492552,444,Create User POST Request,201,Created,Users 1-38,text,true,,744,226,50,50,https://reqres.in/api/users,444,0,0
1666835492485,511,Create User POST Request,201,Created,Users 1-16,text,true,,748,226,50,50,https://reqres.in/api/users,511,0,0
1666835492441,555,Create User POST Request,201,Created,Users 1-8,text,true,,740,226,50,50,https://reqres.in/api/users,555,0,0
1666835492487,510,Create User POST Request,201,Created,Users 1-47,text,true,,742,226,50,50,https://reqres.in/api/users,510,0,0
1666835492486,510,Create User POST Request,201,Created,Users 1-36,text,true,,748,226,50,50,https://reqres.in/api/users,510,0,0
1666835492486,512,Create User POST Request,201,Created,Users 1-1,text,true,,746,226,50,50,https://reqres.in/api/users,512,0,0
1666835492489,509,Create User POST Request,201,Created,Users 1-25,text,true,,746,226,50,50,https://reqres.in/api/users,509,0,0
1666835492486,524,Create User POST Request,201,Created,Users 1-10,text,true,,752,226,50,50,https://reqres.in/api/users,524,0,0
1666835492551,461,Create User POST Request,201,Created,Users 1-26,text,true,,742,226,50,50,https://reqres.in/api/users,461,0,0
1666835492552,458,Create User POST Request,201,Created,Users 1-35,text,true,,740,226,50,50,https://reqres.in/api/users,458,0,0
1666835492553,462,Create User POST Request,201,Created,Users 1-42,text,true,,749,226,50,50,https://reqres.in/api/users,462,0,0
1666835492552,460,Create User POST Request,201,Created,Users 1-33,text,true,,742,226,50,50,https://reqres.in/api/users,460,0,0
1666835492601,411,Create User POST Request,201,Created,Users 1-27,text,true,,746,226,50,50,https://reqres.in/api/users,410,0,0
1666835492602,408,Create User POST Request,201,Created,Users 1-44,text,true,,742,226,50,50,https://reqres.in/api/users,408,0,0
1666835492487,526,Create User POST Request,201,Created,Users 1-43,text,true,,740,226,50,50,https://reqres.in/api/users,526,0,0
1666835492551,459,Create User POST Request,201,Created,Users 1-21,text,true,,742,226,50,50,https://reqres.in/api/users,458,0,0
1666835492600,412,Create User POST Request,201,Created,Users 1-24,text,true,,744,226,50,50,https://reqres.in/api/users,412,0,0
1666835492482,528,Create User POST Request,201,Created,Users 1-34,text,true,,740,226,50,50,https://reqres.in/api/users,527,0,0
1666835492601,425,Create User POST Request,201,Created,Users 1-15,text,true,,748,226,50,50,https://reqres.in/api/users,425,0,0
1666835492486,535,Create User POST Request,201,Created,Users 1-17,text,true,,752,226,50,50,https://reqres.in/api/users,535,0,0
1666835492602,423,Create User POST Request,201,Created,Users 1-22,text,true,,749,226,50,50,https://reqres.in/api/users,423,0,0
1666835492631,403,Create User POST Request,201,Created,Users 1-7,text,true,,744,226,50,50,https://reqres.in/api/users,403,0,0
1666835492600,434,Create User POST Request,201,Created,Users 1-39,text,true,,758,226,50,50,https://reqres.in/api/users,434,0,0
1666835492551,483,Create User POST Request,201,Created,Users 1-4,text,true,,738,226,50,50,https://reqres.in/api/users,483,0,0
1666835492631,415,Create User POST Request,201,Created,Users 1-18,text,true,,744,226,50,50,https://reqres.in/api/users,415,0,0
1666835492601,445,Create User POST Request,201,Created,Users 1-9,text,true,,750,226,50,50,https://reqres.in/api/users,445,0,0
1666835492616,431,Create User POST Request,201,Created,Users 1-13,text,true,,738,226,50,50,https://reqres.in/api/users,431,0,0
1666835492600,451,Create User POST Request,201,Created,Users 1-12,text,true,,746,226,50,50,https://reqres.in/api/users,451,0,0
1666835492632,419,Create User POST Request,201,Created,Users 1-40,text,true,,744,226,50,50,https://reqres.in/api/users,419,0,0
1666835492635,428,Create User POST Request,201,Created,Users 1-2,text,true,,752,226,50,50,https://reqres.in/api/users,428,0,0
1666835492626,456,Create User POST Request,201,Created,Users 1-30,text,true,,746,226,50,50,https://reqres.in/api/users,456,0,0
1666835492636,446,Create User POST Request,201,Created,Users 1-14,text,true,,756,226,50,50,https://reqres.in/api/users,446,0,0
1666835492922,409,Update User Info PUT Request,200,OK,Users 1-11,text,true,,739,234,50,50,https://reqres.in/api/users/2,409,0,0
1666835492916,416,Update User Info PUT Request,200,OK,Users 1-3,text,true,,743,234,50,50,https://reqres.in/api/users/2,416,0,0
1666835492934,406,Update User Info PUT Request,200,OK,Users 1-5,text,true,,737,234,50,50,https://reqres.in/api/users/2,406,0,0
1666835492922,420,Update User Info PUT Request,200,OK,Users 1-41,text,true,,737,234,50,50,https://reqres.in/api/users/2,420,0,0
1666835492941,408,Update User Info PUT Request,200,OK,Users 1-45,text,true,,739,234,50,50,https://reqres.in/api/users/2,408,0,0
1666835492934,442,Update User Info PUT Request,200,OK,Users 1-49,text,true,,733,234,50,50,https://reqres.in/api/users/2,442,0,0
1666835492934,451,Update User Info PUT Request,200,OK,Users 1-6,text,true,,735,234,50,50,https://reqres.in/api/users/2,451,0,0
1666835492986,409,Update User Info PUT Request,200,OK,Users 1-46,text,true,,735,234,50,50,https://reqres.in/api/users/2,409,0,0
1666835492966,429,Update User Info PUT Request,200,OK,Users 1-48,text,true,,743,234,50,50,https://reqres.in/api/users/2,429,0,0
1666835492984,412,Update User Info PUT Request,200,OK,Users 1-32,text,true,,735,234,50,50,https://reqres.in/api/users/2,412,0,0
1666835492984,414,Update User Info PUT Request,200,OK,Users 1-19,text,true,,735,234,50,50,https://reqres.in/api/users/2,414,0,0
1666835492934,478,Update User Info PUT Request,200,OK,Users 1-23,text,true,,737,234,50,50,https://reqres.in/api/users/2,478,0,0
1666835492983,432,Update User Info PUT Request,200,OK,Users 1-29,text,true,,737,234,50,50,https://reqres.in/api/users/2,432,0,0
1666835493006,409,Update User Info PUT Request,200,OK,Users 1-50,text,true,,739,234,50,50,https://reqres.in/api/users/2,409,0,0
1666835493006,410,Update User Info PUT Request,200,OK,Users 1-8,text,true,,733,234,50,50,https://reqres.in/api/users/2,410,0,0
1666835492989,427,Update User Info PUT Request,200,OK,Users 1-28,text,true,,735,234,50,50,https://reqres.in/api/users/2,427,0,0
1666835493006,412,Update User Info PUT Request,200,OK,Users 1-36,text,true,,741,234,50,50,https://reqres.in/api/users/2,412,0,0
1666835493007,417,Update User Info PUT Request,200,OK,Users 1-37,text,true,,741,234,50,50,https://reqres.in/api/users/2,417,0,0
1666835493023,402,Update User Info PUT Request,200,OK,Users 1-24,text,true,,739,234,50,50,https://reqres.in/api/users/2,402,0,0
1666835493007,422,Update User Info PUT Request,200,OK,Users 1-31,text,true,,733,234,50,50,https://reqres.in/api/users/2,422,0,0
1666835493007,424,Update User Info PUT Request,200,OK,Users 1-1,text,true,,731,234,50,50,https://reqres.in/api/users/2,424,0,0
1666835493022,414,Update User Info PUT Request,200,OK,Users 1-21,text,true,,741,234,50,50,https://reqres.in/api/users/2,414,0,0
1666835493006,433,Update User Info PUT Request,200,OK,Users 1-20,text,true,,737,234,50,50,https://reqres.in/api/users/2,433,0,0
1666835493022,417,Update User Info PUT Request,200,OK,Users 1-33,text,true,,735,234,50,50,https://reqres.in/api/users/2,417,0,0
1666835493023,416,Update User Info PUT Request,200,OK,Users 1-27,text,true,,737,234,50,50,https://reqres.in/api/users/2,416,0,0
1666835493034,408,Update User Info PUT Request,200,OK,Users 1-22,text,true,,745,234,50,50,https://reqres.in/api/users/2,408,0,0
1666835493022,421,Update User Info PUT Request,200,OK,Users 1-34,text,true,,739,234,50,50,https://reqres.in/api/users/2,421,0,0
1666835493005,446,Update User Info PUT Request,200,OK,Users 1-16,text,true,,739,234,50,50,https://reqres.in/api/users/2,446,0,0
1666835493023,428,Update User Info PUT Request,200,OK,Users 1-35,text,true,,739,234,50,50,https://reqres.in/api/users/2,428,0,0
1666835493007,444,Update User Info PUT Request,200,OK,Users 1-38,text,true,,739,234,50,50,https://reqres.in/api/users/2,444,0,0
1666835493024,437,Update User Info PUT Request,200,OK,Users 1-26,text,true,,733,234,50,50,https://reqres.in/api/users/2,437,0,0
1666835493022,440,Update User Info PUT Request,200,OK,Users 1-43,text,true,,731,234,50,50,https://reqres.in/api/users/2,440,0,0
1666835493034,428,Update User Info PUT Request,200,OK,Users 1-17,text,true,,745,234,50,50,https://reqres.in/api/users/2,428,0,0
1666835493044,418,Update User Info PUT Request,200,OK,Users 1-4,text,true,,741,234,50,50,https://reqres.in/api/users/2,418,0,0
1666835493022,439,Update User Info PUT Request,200,OK,Users 1-10,text,true,,735,234,50,50,https://reqres.in/api/users/2,439,0,0
1666835493005,459,Update User Info PUT Request,200,OK,Users 1-25,text,true,,739,234,50,50,https://reqres.in/api/users/2,458,0,0
1666835493022,452,Update User Info PUT Request,200,OK,Users 1-44,text,true,,741,234,50,50,https://reqres.in/api/users/2,450,0,0
1666835493054,420,Update User Info PUT Request,200,OK,Users 1-18,text,true,,733,234,50,50,https://reqres.in/api/users/2,418,0,0
1666835493063,411,Update User Info PUT Request,200,OK,Users 1-2,text,true,,735,234,50,50,https://reqres.in/api/users/2,409,0,0
1666835493007,470,Update User Info PUT Request,200,OK,Users 1-47,text,true,,733,234,50,50,https://reqres.in/api/users/2,469,0,0
1666835493044,433,Update User Info PUT Request,200,OK,Users 1-7,text,true,,733,234,50,50,https://reqres.in/api/users/2,429,0,0
1666835493024,455,Update User Info PUT Request,200,OK,Users 1-42,text,true,,733,234,50,50,https://reqres.in/api/users/2,450,0,0
1666835493035,447,Update User Info PUT Request,200,OK,Users 1-15,text,true,,731,234,50,50,https://reqres.in/api/users/2,447,0,0
1666835493044,448,Update User Info PUT Request,200,OK,Users 1-39,text,true,,731,234,50,50,https://reqres.in/api/users/2,444,0,0
1666835493053,441,Update User Info PUT Request,200,OK,Users 1-9,text,true,,735,234,50,50,https://reqres.in/api/users/2,441,0,0
1666835493055,440,Update User Info PUT Request,200,OK,Users 1-40,text,true,,735,234,50,50,https://reqres.in/api/users/2,440,0,0
1666835493083,419,Update User Info PUT Request,200,OK,Users 1-14,text,true,,741,234,50,50,https://reqres.in/api/users/2,419,0,0
1666835493054,450,Update User Info PUT Request,200,OK,Users 1-13,text,true,,733,234,50,50,https://reqres.in/api/users/2,450,0,0
1666835493055,463,Update User Info PUT Request,200,OK,Users 1-12,text,true,,735,234,50,50,https://reqres.in/api/users/2,463,0,0
1666835493083,441,Update User Info PUT Request,200,OK,Users 1-30,text,true,,733,234,50,50,https://reqres.in/api/users/2,440,0,0
1666835493338,411,Update User Info PATCH Request,200,OK,Users 1-11,text,true,,745,236,50,50,https://reqres.in/api/users/2,410,0,0
1666835493343,411,Update User Info PATCH Request,200,OK,Users 1-5,text,true,,735,236,50,50,https://reqres.in/api/users/2,411,0,0
1666835493349,409,Update User Info PATCH Request,200,OK,Users 1-45,text,true,,735,236,50,50,https://reqres.in/api/users/2,409,0,0
1666835493338,425,Update User Info PATCH Request,200,OK,Users 1-3,text,true,,739,236,50,50,https://reqres.in/api/users/2,425,0,0
1666835493343,427,Update User Info PATCH Request,200,OK,Users 1-41,text,true,,737,236,50,50,https://reqres.in/api/users/2,427,0,0
1666835493377,407,Update User Info PATCH Request,200,OK,Users 1-49,text,true,,731,236,50,50,https://reqres.in/api/users/2,407,0,0
1666835493386,404,Update User Info PATCH Request,200,OK,Users 1-6,text,true,,743,236,50,50,https://reqres.in/api/users/2,404,0,0
1666835493401,405,Update User Info PATCH Request,200,OK,Users 1-32,text,true,,737,236,50,50,https://reqres.in/api/users/2,405,0,0
1666835493415,408,Update User Info PATCH Request,200,OK,Users 1-50,text,true,,733,236,50,50,https://reqres.in/api/users/2,408,0,0
1666835493415,408,Update User Info PATCH Request,200,OK,Users 1-29,text,true,,739,236,50,50,https://reqres.in/api/users/2,408,0,0
1666835493418,406,Update User Info PATCH Request,200,OK,Users 1-36,text,true,,737,236,50,50,https://reqres.in/api/users/2,406,0,0
1666835493401,423,Update User Info PATCH Request,200,OK,Users 1-19,text,true,,737,236,50,50,https://reqres.in/api/users/2,423,0,0
1666835493416,409,Update User Info PATCH Request,200,OK,Users 1-8,text,true,,735,236,50,50,https://reqres.in/api/users/2,409,0,0
1666835493399,432,Update User Info PATCH Request,200,OK,Users 1-46,text,true,,739,236,50,50,https://reqres.in/api/users/2,432,0,0
1666835493430,410,Update User Info PATCH Request,200,OK,Users 1-31,text,true,,739,236,50,50,https://reqres.in/api/users/2,410,0,0
1666835493431,409,Update User Info PATCH Request,200,OK,Users 1-1,text,true,,733,236,50,50,https://reqres.in/api/users/2,409,0,0
1666835493439,406,Update User Info PATCH Request,200,OK,Users 1-20,text,true,,739,236,50,50,https://reqres.in/api/users/2,406,0,0
1666835493413,432,Update User Info PATCH Request,200,OK,Users 1-23,text,true,,737,236,50,50,https://reqres.in/api/users/2,432,0,0
1666835493399,447,Update User Info PATCH Request,200,OK,Users 1-48,text,true,,735,236,50,50,https://reqres.in/api/users/2,447,0,0
1666835493426,421,Update User Info PATCH Request,200,OK,Users 1-24,text,true,,745,236,50,50,https://reqres.in/api/users/2,421,0,0
1666835493416,434,Update User Info PATCH Request,200,OK,Users 1-28,text,true,,735,236,50,50,https://reqres.in/api/users/2,433,0,0
1666835493424,426,Update User Info PATCH Request,200,OK,Users 1-37,text,true,,731,236,50,50,https://reqres.in/api/users/2,425,0,0
1666835493443,427,Update User Info PATCH Request,200,OK,Users 1-34,text,true,,747,236,50,50,https://reqres.in/api/users/2,427,0,0
1666835493436,434,Update User Info PATCH Request,200,OK,Users 1-21,text,true,,739,236,50,50,https://reqres.in/api/users/2,434,0,0
1666835493451,419,Update User Info PATCH Request,200,OK,Users 1-35,text,true,,731,236,50,50,https://reqres.in/api/users/2,419,0,0
1666835493466,405,Update User Info PATCH Request,200,OK,Users 1-26,text,true,,733,236,50,50,https://reqres.in/api/users/2,405,0,0
1666835493443,429,Update User Info PATCH Request,200,OK,Users 1-22,text,true,,739,236,50,50,https://reqres.in/api/users/2,429,0,0
1666835493465,410,Update User Info PATCH Request,200,OK,Users 1-17,text,true,,737,236,50,50,https://reqres.in/api/users/2,410,0,0
1666835493440,438,Update User Info PATCH Request,200,OK,Users 1-27,text,true,,735,236,50,50,https://reqres.in/api/users/2,438,0,0
1666835493451,432,Update User Info PATCH Request,200,OK,Users 1-38,text,true,,737,236,50,50,https://reqres.in/api/users/2,432,0,0
1666835493466,417,Update User Info PATCH Request,200,OK,Users 1-10,text,true,,735,236,50,50,https://reqres.in/api/users/2,417,0,0
1666835493465,422,Update User Info PATCH Request,200,OK,Users 1-43,text,true,,739,236,50,50,https://reqres.in/api/users/2,422,0,0
1666835493451,436,Update User Info PATCH Request,200,OK,Users 1-16,text,true,,737,236,50,50,https://reqres.in/api/users/2,436,0,0
1666835493439,453,Update User Info PATCH Request,200,OK,Users 1-33,text,true,,743,236,50,50,https://reqres.in/api/users/2,453,0,0
1666835493465,434,Update User Info PATCH Request,200,OK,Users 1-4,text,true,,735,236,50,50,https://reqres.in/api/users/2,434,0,0
1666835493505,396,Update User Info PATCH Request,200,OK,Users 1-13,text,true,,755,236,50,50,https://reqres.in/api/users/2,396,0,0
1666835493482,420,Update User Info PATCH Request,200,OK,Users 1-47,text,true,,735,236,50,50,https://reqres.in/api/users/2,420,0,0
1666835493482,422,Update User Info PATCH Request,200,OK,Users 1-7,text,true,,739,236,50,50,https://reqres.in/api/users/2,422,0,0
1666835493478,427,Update User Info PATCH Request,200,OK,Users 1-2,text,true,,735,236,50,50,https://reqres.in/api/users/2,427,0,0
1666835493493,413,Update User Info PATCH Request,200,OK,Users 1-39,text,true,,745,236,50,50,https://reqres.in/api/users/2,412,0,0
1666835493497,412,Update User Info PATCH Request,200,OK,Users 1-40,text,true,,735,236,50,50,https://reqres.in/api/users/2,412,0,0
1666835493502,422,Update User Info PATCH Request,200,OK,Users 1-14,text,true,,737,236,50,50,https://reqres.in/api/users/2,422,0,0
1666835493478,446,Update User Info PATCH Request,200,OK,Users 1-18,text,true,,739,236,50,50,https://reqres.in/api/users/2,446,0,0
1666835493479,447,Update User Info PATCH Request,200,OK,Users 1-44,text,true,,737,236,50,50,https://reqres.in/api/users/2,447,0,0
1666835493524,404,Update User Info PATCH Request,200,OK,Users 1-30,text,true,,741,236,50,50,https://reqres.in/api/users/2,404,0,0
1666835493485,455,Update User Info PATCH Request,200,OK,Users 1-15,text,true,,731,236,50,50,https://reqres.in/api/users/2,455,0,0
1666835493482,465,Update User Info PATCH Request,200,OK,Users 1-42,text,true,,735,236,50,50,https://reqres.in/api/users/2,465,0,0
1666835493519,430,Update User Info PATCH Request,200,OK,Users 1-12,text,true,,733,236,50,50,https://reqres.in/api/users/2,430,0,0
1666835493482,481,Update User Info PATCH Request,200,OK,Users 1-25,text,true,,741,236,50,50,https://reqres.in/api/users/2,481,0,0
1666835493494,471,Update User Info PATCH Request,200,OK,Users 1-9,text,true,,739,236,50,50,https://reqres.in/api/users/2,471,0,0
1666835493750,411,Delete User by DELETE Request,204,No Content,Users 1-11,,true,,614,179,50,50,https://reqres.in/api/users/2,0,0,0
1666835493758,404,Delete User by DELETE Request,204,No Content,Users 1-45,,true,,616,179,50,50,https://reqres.in/api/users/2,0,0,0
1666835493754,418,Delete User by DELETE Request,204,No Content,Users 1-5,,true,,612,179,50,50,https://reqres.in/api/users/2,0,0,0
1666835493764,418,Delete User by DELETE Request,204,No Content,Users 1-3,,true,,618,179,50,50,https://reqres.in/api/users/2,0,0,0
1666835493790,406,Delete User by DELETE Request,204,No Content,Users 1-6,,true,,616,179,50,50,https://reqres.in/api/users/2,0,0,0
1666835493771,425,Delete User by DELETE Request,204,No Content,Users 1-41,,true,,612,179,50,50,https://reqres.in/api/users/2,0,0,0
1666835493785,414,Delete User by DELETE Request,204,No Content,Users 1-49,,true,,620,179,50,50,https://reqres.in/api/users/2,0,0,0
1666835493807,410,Delete User by DELETE Request,204,No Content,Users 1-32,,true,,614,179,50,50,https://reqres.in/api/users/2,0,0,0
1666835493825,402,Delete User by DELETE Request,204,No Content,Users 1-19,,true,,614,179,50,50,https://reqres.in/api/users/2,0,0,0
1666835493824,405,Delete User by DELETE Request,204,No Content,Users 1-29,,true,,614,179,50,50,https://reqres.in/api/users/2,0,0,0
1666835493828,410,Delete User by DELETE Request,204,No Content,Users 1-8,,true,,612,179,50,50,https://reqres.in/api/users/2,0,0,0
1666835493824,432,Delete User by DELETE Request,204,No Content,Users 1-50,,true,,616,179,50,50,https://reqres.in/api/users/2,0,0,0
1666835493832,422,Delete User by DELETE Request,204,No Content,Users 1-46,,true,,614,179,50,50,https://reqres.in/api/users/2,0,0,0
1666835493841,420,Delete User by DELETE Request,204,No Content,Users 1-31,,true,,612,179,50,50,https://reqres.in/api/users/2,0,0,0
1666835493848,413,Delete User by DELETE Request,204,No Content,Users 1-24,,true,,612,179,50,50,https://reqres.in/api/users/2,0,0,0
1666835493825,436,Delete User by DELETE Request,204,No Content,Users 1-36,,true,,622,179,50,50,https://reqres.in/api/users/2,0,0,0
1666835493846,415,Delete User by DELETE Request,204,No Content,Users 1-48,,true,,610,179,50,50,https://reqres.in/api/users/2,0,0,0
1666835493846,417,Delete User by DELETE Request,204,No Content,Users 1-20,,true,,616,179,50,50,https://reqres.in/api/users/2,0,0,0
1666835493846,434,Delete User by DELETE Request,204,No Content,Users 1-23,,true,,612,179,50,50,https://reqres.in/api/users/2,0,0,0
1666835493841,440,Delete User by DELETE Request,204,No Content,Users 1-1,,true,,616,179,50,50,https://reqres.in/api/users/2,0,0,0
1666835493882,403,Delete User by DELETE Request,204,No Content,Users 1-17,,true,,614,179,50,50,https://reqres.in/api/users/2,0,0,0
1666835493871,414,Delete User by DELETE Request,204,No Content,Users 1-21,,true,,608,179,50,50,https://reqres.in/api/users/2,0,0,0
1666835493854,432,Delete User by DELETE Request,204,No Content,Users 1-37,,true,,612,179,50,50,https://reqres.in/api/users/2,0,0,0
1666835493886,402,Delete User by DELETE Request,204,No Content,Users 1-38,,true,,616,179,50,50,https://reqres.in/api/users/2,0,0,0
1666835493887,403,Delete User by DELETE Request,204,No Content,Users 1-16,,true,,616,179,50,50,https://reqres.in/api/users/2,0,0,0
1666835493886,409,Delete User by DELETE Request,204,No Content,Users 1-26,,true,,618,179,50,50,https://reqres.in/api/users/2,0,0,0
1666835493882,417,Delete User by DELETE Request,204,No Content,Users 1-27,,true,,616,179,50,50,https://reqres.in/api/users/2,0,0,0
1666835493871,430,Delete User by DELETE Request,204,No Content,Users 1-35,,true,,620,179,50,50,https://reqres.in/api/users/2,0,0,0
1666835493883,418,Delete User by DELETE Request,204,No Content,Users 1-22,,true,,610,179,50,50,https://reqres.in/api/users/2,0,0,0
1666835493887,423,Delete User by DELETE Request,204,No Content,Users 1-43,,true,,622,179,50,50,https://reqres.in/api/users/2,0,0,0
1666835493886,434,Delete User by DELETE Request,204,No Content,Users 1-10,,true,,616,179,50,50,https://reqres.in/api/users/2,0,0,0
1666835493871,449,Delete User by DELETE Request,204,No Content,Users 1-34,,true,,616,179,50,50,https://reqres.in/api/users/2,0,0,0
1666835493900,425,Delete User by DELETE Request,204,No Content,Users 1-4,,true,,612,179,50,50,https://reqres.in/api/users/2,0,0,0
1666835493893,432,Delete User by DELETE Request,204,No Content,Users 1-33,,true,,618,179,50,50,https://reqres.in/api/users/2,0,0,0
1666835493901,429,Delete User by DELETE Request,204,No Content,Users 1-13,,true,,612,179,50,50,https://reqres.in/api/users/2,0,0,0
1666835493922,412,Delete User by DELETE Request,204,No Content,Users 1-2,,true,,612,179,50,50,https://reqres.in/api/users/2,0,0,0
1666835493926,414,Delete User by DELETE Request,204,No Content,Users 1-14,,true,,620,179,50,50,https://reqres.in/api/users/2,0,0,0
1666835493922,425,Delete User by DELETE Request,204,No Content,Users 1-40,,true,,616,179,50,50,https://reqres.in/api/users/2,0,0,0
1666835493926,420,Delete User by DELETE Request,204,No Content,Users 1-18,,true,,616,179,50,50,https://reqres.in/api/users/2,0,0,0
1666835493940,414,Delete User by DELETE Request,204,No Content,Users 1-15,,true,,622,179,50,50,https://reqres.in/api/users/2,0,0,0
1666835493903,452,Delete User by DELETE Request,204,No Content,Users 1-47,,true,,618,179,50,50,https://reqres.in/api/users/2,0,0,0
1666835493854,501,Delete User by DELETE Request,204,No Content,Users 1-28,,true,,610,179,50,50,https://reqres.in/api/users/2,0,0,0
1666835493926,429,Delete User by DELETE Request,204,No Content,Users 1-44,,true,,620,179,50,50,https://reqres.in/api/users/2,0,0,0
1666835493922,434,Delete User by DELETE Request,204,No Content,Users 1-39,,true,,610,179,50,50,https://reqres.in/api/users/2,0,0,0
1666835493929,430,Delete User by DELETE Request,204,No Content,Users 1-30,,true,,616,179,50,50,https://reqres.in/api/users/2,0,0,0
1666835493963,413,Delete User by DELETE Request,204,No Content,Users 1-25,,true,,614,179,50,50,https://reqres.in/api/users/2,0,0,0
1666835493922,460,Delete User by DELETE Request,204,No Content,Users 1-7,,true,,622,179,50,50,https://reqres.in/api/users/2,0,0,0
1666835493949,438,Delete User by DELETE Request,204,No Content,Users 1-12,,true,,618,179,50,50,https://reqres.in/api/users/2,0,0,0
1666835493965,424,Delete User by DELETE Request,204,No Content,Users 1-9,,true,,612,179,50,50,https://reqres.in/api/users/2,0,0,0
1666835493948,460,Delete User by DELETE Request,204,No Content,Users 1-42,,true,,614,179,50,50,https://reqres.in/api/users/2,0,0,0
1666835494165,410,Register Successful POST Request,200,OK,Users 1-45,text,true,,697,243,50,50,https://reqres.in/api/register,410,0,0
1666835494165,414,Register Successful POST Request,200,OK,Users 1-11,text,true,,689,243,50,50,https://reqres.in/api/register,414,0,0
1666835494174,408,Register Successful POST Request,200,OK,Users 1-5,text,true,,693,243,50,50,https://reqres.in/api/register,408,0,0
1666835494197,409,Register Successful POST Request,200,OK,Users 1-41,text,true,,689,243,50,50,https://reqres.in/api/register,409,0,0
1666835494197,409,Register Successful POST Request,200,OK,Users 1-6,text,true,,689,243,50,50,https://reqres.in/api/register,409,0,0
1666835494182,426,Register Successful POST Request,200,OK,Users 1-3,text,true,,689,243,50,50,https://reqres.in/api/register,425,0,0
1666835494201,408,Register Successful POST Request,200,OK,Users 1-49,text,true,,691,243,50,50,https://reqres.in/api/register,408,0,0
1666835494219,412,Register Successful POST Request,200,OK,Users 1-32,text,true,,697,243,50,50,https://reqres.in/api/register,412,0,0
1666835494275,406,Register Successful POST Request,200,OK,Users 1-36,text,true,,689,243,50,50,https://reqres.in/api/register,406,0,0
1666835494275,407,Register Successful POST Request,200,OK,Users 1-31,text,true,,699,243,50,50,https://reqres.in/api/register,407,0,0
1666835494287,400,Register Successful POST Request,200,OK,Users 1-21,text,true,,697,243,50,50,https://reqres.in/api/register,400,0,0
1666835494281,408,Register Successful POST Request,200,OK,Users 1-23,text,true,,693,243,50,50,https://reqres.in/api/register,408,0,0
1666835494276,413,Register Successful POST Request,200,OK,Users 1-8,text,true,,697,243,50,50,https://reqres.in/api/register,413,0,0
1666835494283,406,Register Successful POST Request,200,OK,Users 1-1,text,true,,695,243,50,50,https://reqres.in/api/register,406,0,0
1666835494276,418,Register Successful POST Request,200,OK,Users 1-48,text,true,,691,243,50,50,https://reqres.in/api/register,418,0,0
1666835494288,406,Register Successful POST Request,200,OK,Users 1-38,text,true,,693,243,50,50,https://reqres.in/api/register,406,0,0
1666835494274,422,Register Successful POST Request,200,OK,Users 1-29,text,true,,691,243,50,50,https://reqres.in/api/register,421,0,0
1666835494274,422,Register Successful POST Request,200,OK,Users 1-46,text,true,,691,243,50,50,https://reqres.in/api/register,422,0,0
1666835494275,430,Register Successful POST Request,200,OK,Users 1-19,text,true,,693,243,50,50,https://reqres.in/api/register,430,0,0
1666835494275,432,Register Successful POST Request,200,OK,Users 1-50,text,true,,693,243,50,50,https://reqres.in/api/register,431,0,0
1666835494286,425,Register Successful POST Request,200,OK,Users 1-37,text,true,,687,243,50,50,https://reqres.in/api/register,425,0,0
1666835494290,431,Register Successful POST Request,200,OK,Users 1-16,text,true,,695,243,50,50,https://reqres.in/api/register,431,0,0
1666835494274,450,Register Successful POST Request,200,OK,Users 1-20,text,true,,695,243,50,50,https://reqres.in/api/register,450,0,0
1666835494274,451,Register Successful POST Request,200,OK,Users 1-24,text,true,,693,243,50,50,https://reqres.in/api/register,451,0,0
1666835494296,430,Register Successful POST Request,200,OK,Users 1-26,text,true,,689,243,50,50,https://reqres.in/api/register,429,0,0
1666835494287,439,Register Successful POST Request,200,OK,Users 1-17,text,true,,697,243,50,50,https://reqres.in/api/register,439,0,0
1666835494299,428,Register Successful POST Request,200,OK,Users 1-27,text,true,,693,243,50,50,https://reqres.in/api/register,428,0,0
1666835494302,430,Register Successful POST Request,200,OK,Users 1-22,text,true,,689,243,50,50,https://reqres.in/api/register,430,0,0
1666835494322,410,Register Successful POST Request,200,OK,Users 1-10,text,true,,689,243,50,50,https://reqres.in/api/register,410,0,0
1666835494301,431,Register Successful POST Request,200,OK,Users 1-35,text,true,,693,243,50,50,https://reqres.in/api/register,431,0,0
1666835494310,423,Register Successful POST Request,200,OK,Users 1-43,text,true,,699,243,50,50,https://reqres.in/api/register,423,0,0
1666835494343,407,Register Successful POST Request,200,OK,Users 1-2,text,true,,687,243,50,50,https://reqres.in/api/register,407,0,0
1666835494325,430,Register Successful POST Request,200,OK,Users 1-33,text,true,,691,243,50,50,https://reqres.in/api/register,430,0,0
1666835494349,414,Register Successful POST Request,200,OK,Users 1-14,text,true,,693,243,50,50,https://reqres.in/api/register,414,0,0
1666835494356,407,Register Successful POST Request,200,OK,Users 1-39,text,true,,691,243,50,50,https://reqres.in/api/register,407,0,0
1666835494331,434,Register Successful POST Request,200,OK,Users 1-13,text,true,,691,243,50,50,https://reqres.in/api/register,434,0,0
1666835494322,448,Register Successful POST Request,200,OK,Users 1-34,text,true,,697,243,50,50,https://reqres.in/api/register,448,0,0
1666835494359,411,Register Successful POST Request,200,OK,Users 1-30,text,true,,693,243,50,50,https://reqres.in/api/register,411,0,0
1666835494325,446,Register Successful POST Request,200,OK,Users 1-4,text,true,,699,243,50,50,https://reqres.in/api/register,446,0,0
1666835494355,420,Register Successful POST Request,200,OK,Users 1-15,text,true,,691,243,50,50,https://reqres.in/api/register,420,0,0
1666835494376,409,Register Successful POST Request,200,OK,Users 1-25,text,true,,689,243,50,50,https://reqres.in/api/register,409,0,0
1666835494355,432,Register Successful POST Request,200,OK,Users 1-44,text,true,,689,243,50,50,https://reqres.in/api/register,432,0,0
1666835494355,436,Register Successful POST Request,200,OK,Users 1-47,text,true,,687,243,50,50,https://reqres.in/api/register,436,0,0
1666835494382,412,Register Successful POST Request,200,OK,Users 1-7,text,true,,693,243,50,50,https://reqres.in/api/register,412,0,0
1666835494349,448,Register Successful POST Request,200,OK,Users 1-18,text,true,,699,243,50,50,https://reqres.in/api/register,448,0,0
1666835494349,448,Register Successful POST Request,200,OK,Users 1-40,text,true,,695,243,50,50,https://reqres.in/api/register,448,0,0
1666835494389,415,Register Successful POST Request,200,OK,Users 1-9,text,true,,691,243,50,50,https://reqres.in/api/register,415,0,0
1666835494388,425,Register Successful POST Request,200,OK,Users 1-12,text,true,,691,243,50,50,https://reqres.in/api/register,425,0,0
1666835494408,436,Register Successful POST Request,200,OK,Users 1-42,text,true,,703,243,50,50,https://reqres.in/api/register,436,0,0
1666835494355,494,Register Successful POST Request,200,OK,Users 1-28,text,true,,685,243,50,50,https://reqres.in/api/register,494,0,0
1666835494576,406,Login Successful POST Request,200,OK,Users 1-45,text,true,,684,246,50,50,https://reqres.in/api/login,406,0,0
1666835494580,407,Login Successful POST Request,200,OK,Users 1-11,text,true,,688,246,50,50,https://reqres.in/api/login,407,0,0
1666835494583,420,Login Successful POST Request,200,OK,Users 1-5,text,true,,684,246,50,50,https://reqres.in/api/login,420,0,0
1666835494610,412,Login Successful POST Request,200,OK,Users 1-49,text,true,,680,246,47,47,https://reqres.in/api/login,412,0,0
1666835494608,423,Login Successful POST Request,200,OK,Users 1-3,text,true,,684,246,46,46,https://reqres.in/api/login,423,0,0
1666835494637,422,Login Successful POST Request,200,OK,Users 1-32,text,true,,686,246,45,45,https://reqres.in/api/login,422,0,0
1666835494606,454,Login Successful POST Request,200,OK,Users 1-41,text,true,,688,246,45,45,https://reqres.in/api/login,454,0,0
1666835494606,454,Login Successful POST Request,200,OK,Users 1-6,text,true,,690,246,45,45,https://reqres.in/api/login,454,0,0
1666835494688,413,Login Successful POST Request,200,OK,Users 1-21,text,true,,686,246,42,42,https://reqres.in/api/login,413,0,0
1666835494691,425,Login Successful POST Request,200,OK,Users 1-1,text,true,,686,246,41,41,https://reqres.in/api/login,425,0,0
1666835494684,432,Login Successful POST Request,200,OK,Users 1-31,text,true,,688,246,41,41,https://reqres.in/api/login,432,0,0
1666835494690,427,Login Successful POST Request,200,OK,Users 1-23,text,true,,694,246,41,41,https://reqres.in/api/login,427,0,0
1666835494696,429,Login Successful POST Request,200,OK,Users 1-48,text,true,,690,246,38,38,https://reqres.in/api/login,429,0,0
1666835494707,420,Login Successful POST Request,200,OK,Users 1-50,text,true,,692,246,37,37,https://reqres.in/api/login,420,0,0
1666835494705,426,Login Successful POST Request,200,OK,Users 1-46,text,true,,684,246,37,37,https://reqres.in/api/login,425,0,0
1666835494691,440,Login Successful POST Request,200,OK,Users 1-8,text,true,,684,246,37,37,https://reqres.in/api/login,440,0,0
1666835494726,406,Login Successful POST Request,200,OK,Users 1-26,text,true,,688,246,37,37,https://reqres.in/api/login,406,0,0
1666835494684,456,Login Successful POST Request,200,OK,Users 1-36,text,true,,688,246,34,34,https://reqres.in/api/login,456,0,0
1666835494696,449,Login Successful POST Request,200,OK,Users 1-38,text,true,,694,246,34,34,https://reqres.in/api/login,449,0,0
1666835494723,423,Login Successful POST Request,200,OK,Users 1-16,text,true,,686,246,34,34,https://reqres.in/api/login,423,0,0
1666835494707,432,Login Successful POST Request,200,OK,Users 1-19,text,true,,680,246,34,34,https://reqres.in/api/login,432,0,0
1666835494704,442,Login Successful POST Request,200,OK,Users 1-29,text,true,,686,246,34,34,https://reqres.in/api/login,442,0,0
1666835494733,413,Login Successful POST Request,200,OK,Users 1-43,text,true,,684,246,34,34,https://reqres.in/api/login,413,0,0
1666835494712,443,Login Successful POST Request,200,OK,Users 1-37,text,true,,684,246,29,29,https://reqres.in/api/login,443,0,0
1666835494732,428,Login Successful POST Request,200,OK,Users 1-22,text,true,,690,246,26,26,https://reqres.in/api/login,428,0,0
1666835494725,436,Login Successful POST Request,200,OK,Users 1-20,text,true,,678,246,26,26,https://reqres.in/api/login,436,0,0
1666835494733,430,Login Successful POST Request,200,OK,Users 1-35,text,true,,680,246,25,25,https://reqres.in/api/login,430,0,0
1666835494763,404,Login Successful POST Request,200,OK,Users 1-14,text,true,,680,246,23,23,https://reqres.in/api/login,404,0,0
1666835494755,413,Login Successful POST Request,200,OK,Users 1-33,text,true,,680,246,22,22,https://reqres.in/api/login,413,0,0
1666835494733,442,Login Successful POST Request,200,OK,Users 1-10,text,true,,684,246,21,21,https://reqres.in/api/login,442,0,0
1666835494771,406,Login Successful POST Request,200,OK,Users 1-30,text,true,,682,246,21,21,https://reqres.in/api/login,406,0,0
1666835494727,448,Login Successful POST Request,200,OK,Users 1-27,text,true,,680,246,21,21,https://reqres.in/api/login,448,0,0
1666835494725,450,Login Successful POST Request,200,OK,Users 1-24,text,true,,688,246,21,21,https://reqres.in/api/login,450,0,0
1666835494726,449,Login Successful POST Request,200,OK,Users 1-17,text,true,,686,246,21,21,https://reqres.in/api/login,448,0,0
1666835494750,433,Login Successful POST Request,200,OK,Users 1-2,text,true,,686,246,16,16,https://reqres.in/api/login,433,0,0
1666835494765,420,Login Successful POST Request,200,OK,Users 1-13,text,true,,692,246,16,16,https://reqres.in/api/login,419,0,0
1666835494763,425,Login Successful POST Request,200,OK,Users 1-39,text,true,,684,246,14,14,https://reqres.in/api/login,424,0,0
1666835494776,436,Login Successful POST Request,200,OK,Users 1-15,text,true,,684,246,13,13,https://reqres.in/api/login,436,0,0
1666835494771,441,Login Successful POST Request,200,OK,Users 1-4,text,true,,690,246,13,13,https://reqres.in/api/login,441,0,0
1666835494788,425,Login Successful POST Request,200,OK,Users 1-44,text,true,,688,246,13,13,https://reqres.in/api/login,425,0,0
1666835494786,439,Login Successful POST Request,200,OK,Users 1-25,text,true,,686,246,10,10,https://reqres.in/api/login,439,0,0
1666835494805,422,Login Successful POST Request,200,OK,Users 1-9,text,true,,684,246,10,10,https://reqres.in/api/login,422,0,0
1666835494794,440,Login Successful POST Request,200,OK,Users 1-7,text,true,,682,246,8,8,https://reqres.in/api/login,440,0,0
1666835494770,464,Login Successful POST Request,200,OK,Users 1-34,text,true,,684,246,8,8,https://reqres.in/api/login,464,0,0
1666835494797,450,Login Successful POST Request,200,OK,Users 1-40,text,true,,688,246,6,6,https://reqres.in/api/login,450,0,0
1666835494797,451,Login Successful POST Request,200,OK,Users 1-18,text,true,,692,246,6,6,https://reqres.in/api/login,451,0,0
1666835494813,433,Login Successful POST Request,200,OK,Users 1-12,text,true,,686,246,6,6,https://reqres.in/api/login,433,0,0
1666835494849,399,Login Successful POST Request,200,OK,Users 1-28,text,true,,686,246,6,6,https://reqres.in/api/login,399,0,0
1666835494792,471,Login Successful POST Request,200,OK,Users 1-47,text,true,,692,246,2,2,https://reqres.in/api/login,471,0,0
1666835494844,434,Login Successful POST Request,200,OK,Users 1-42,text,true,,690,246,1,1,https://reqres.in/api/login,434,0,0
